Algorithms,Accuracy,Precision,Recall,F1-Score
Zafar_FairAcc,0.820004422,0.70464135,0.489449004,0.577654791
Zafar_AccFair,0.763986143,0.529362416,0.554806565,0.541785919
Feldman,0.771578094,0.636205396,0.214243845,0.32054374
Kamiran,0.76369131,0.520204002,0.777256741,0.623266745
