Algorithms,DI,TPRB,TNRB,1_TPRB,1_TNRB
Zafar_FairAcc,0.745263413,0.178030805,0.01196422,0.821969195,0.98803578
Zafar_AccFair,0.945858799,0.18929819,0.045399259,0.81070181,0.954600741
Feldman,0.788623843,0.039153313,0.012413809,0.960846687,0.987586191
Kamiran,0.949811422,0.152736729,0.082715844,0.847263271,0.917284156
